-- phpMyAdmin SQL Dump
-- version 5.0.2
-- https://www.phpmyadmin.net/
--
-- Host: 127.0.0.1:3306
-- Generation Time: Jan 03, 2024 at 01:27 AM
-- Server version: 5.7.31
-- PHP Version: 7.4.9

SET SQL_MODE = "NO_AUTO_VALUE_ON_ZERO";
START TRANSACTION;
SET time_zone = "+00:00";


/*!40101 SET @OLD_CHARACTER_SET_CLIENT=@@CHARACTER_SET_CLIENT */;
/*!40101 SET @OLD_CHARACTER_SET_RESULTS=@@CHARACTER_SET_RESULTS */;
/*!40101 SET @OLD_COLLATION_CONNECTION=@@COLLATION_CONNECTION */;
/*!40101 SET NAMES utf8mb4 */;

--
-- Database: `orhon`
--

-- --------------------------------------------------------

--
-- Table structure for table `huvaari`
--

DROP TABLE IF EXISTS `huvaari`;
CREATE TABLE IF NOT EXISTS `huvaari` (
  `id` int(11) NOT NULL AUTO_INCREMENT,
  `movie_id` int(11) NOT NULL,
  `movie_time` time NOT NULL,
  `tom` int(11) NOT NULL,
  `huuhed` int(11) NOT NULL,
  `status` int(11) NOT NULL,
  `ognoo` datetime NOT NULL,
  PRIMARY KEY (`id`)
) ENGINE=MyISAM AUTO_INCREMENT=4 DEFAULT CHARSET=utf8 COLLATE=utf8_unicode_ci;

--
-- Dumping data for table `huvaari`
--

INSERT INTO `huvaari` (`id`, `movie_id`, `movie_time`, `tom`, `huuhed`, `status`, `ognoo`) VALUES
(1, 2, '17:10:00', 9000, 5000, 1, '2022-04-10 18:36:49'),
(2, 2, '15:00:00', 8500, 5000, 1, '2022-04-10 18:43:01'),
(3, 1, '17:00:00', 8000, 6000, 1, '2022-04-11 08:39:43');

-- --------------------------------------------------------

--
-- Table structure for table `movie`
--

DROP TABLE IF EXISTS `movie`;
CREATE TABLE IF NOT EXISTS `movie` (
  `id` int(11) NOT NULL AUTO_INCREMENT,
  `name` varchar(500) COLLATE utf8_unicode_ci NOT NULL,
  `img` varchar(500) COLLATE utf8_unicode_ci NOT NULL,
  `status` int(11) NOT NULL,
  `desc` varchar(5000) COLLATE utf8_unicode_ci NOT NULL,
  `ognoo` date NOT NULL,
  PRIMARY KEY (`id`)
) ENGINE=MyISAM AUTO_INCREMENT=3 DEFAULT CHARSET=utf8 COLLATE=utf8_unicode_ci;

--
-- Dumping data for table `movie`
--

INSERT INTO `movie` (`id`, `name`, `img`, `status`, `desc`, `ognoo`) VALUES
(1, 'Мардай', '', 1, 'Шинэ кино ирлээ', '2022-04-10'),
(2, 'Хохирогч', '', 1, 'Кино', '2022-04-10');

-- --------------------------------------------------------

--
-- Table structure for table `orderdetial`
--

DROP TABLE IF EXISTS `orderdetial`;
CREATE TABLE IF NOT EXISTS `orderdetial` (
  `id` int(11) NOT NULL AUTO_INCREMENT,
  `huvaari_id` int(11) NOT NULL,
  `username` varchar(11) COLLATE utf8_unicode_ci NOT NULL,
  `egnee` int(2) NOT NULL,
  `seat` int(2) NOT NULL,
  `une` int(11) NOT NULL,
  `tuluv` int(1) NOT NULL,
  `ognoo` datetime NOT NULL,
  `hezee` date NOT NULL,
  `tom` int(1) NOT NULL,
  PRIMARY KEY (`id`)
) ENGINE=MyISAM AUTO_INCREMENT=248 DEFAULT CHARSET=utf8 COLLATE=utf8_unicode_ci;

--
-- Dumping data for table `orderdetial`
--

INSERT INTO `orderdetial` (`id`, `huvaari_id`, `username`, `egnee`, `seat`, `une`, `tuluv`, `ognoo`, `hezee`, `tom`) VALUES
(11, 3, '', 6, 9, 6000, 1, '2022-04-13 19:17:30', '2022-04-12', 0),
(10, 3, '', 6, 8, 8000, 1, '2022-04-13 19:17:30', '2022-04-12', 1),
(9, 3, '', 6, 7, 8000, 1, '2022-04-13 19:17:30', '2022-04-12', 1),
(12, 2, '', 6, 6, 8500, 1, '2022-04-13 20:26:39', '2022-04-11', 1),
(13, 2, '', 6, 7, 8500, 1, '2022-04-13 20:26:39', '2022-04-11', 1),
(14, 2, '', 6, 8, 8500, 1, '2022-04-13 20:26:39', '2022-04-13', 1),
(15, 2, '', 8, 9, 8500, 1, '2022-04-13 20:26:39', '2022-04-13', 1),
(16, 2, '', 8, 10, 8500, 1, '2022-04-13 20:26:39', '2022-04-13', 1),
(17, 2, '', 8, 11, 8500, 1, '2022-04-13 20:26:39', '2022-04-13', 1),
(18, 2, '', 10, 6, 5000, 1, '2022-04-13 20:26:39', '2022-04-13', 0),
(19, 2, '', 10, 5, 5000, 1, '2022-04-13 20:26:39', '2022-04-13', 0),
(20, 2, '', 10, 3, 5000, 1, '2022-04-13 20:26:39', '2022-04-13', 0),
(21, 2, '', 6, 5, 5000, 1, '2022-04-13 20:26:39', '2022-04-13', 0),
(22, 2, '', 5, 4, 5000, 1, '2022-04-13 20:26:39', '2022-04-13', 0),
(23, 2, '', 4, 7, 5000, 1, '2022-04-13 20:26:39', '2022-04-13', 0),
(24, 2, '', 4, 9, 5000, 1, '2022-04-13 20:26:39', '2022-04-13', 0),
(25, 2, '', 4, 8, 5000, 1, '2022-04-13 20:26:39', '2022-04-13', 0),
(26, 3, '', 6, 6, 8000, 1, '2022-04-14 08:50:03', '2022-04-14', 1),
(27, 3, '', 6, 7, 8000, 1, '2022-04-14 08:50:03', '2022-04-14', 1),
(28, 3, '', 6, 8, 8000, 1, '2022-04-14 08:50:03', '2022-04-14', 1),
(29, 3, '', 6, 9, 8000, 1, '2022-04-14 08:50:03', '2022-04-14', 1),
(30, 3, '', 6, 10, 8000, 1, '2022-04-14 08:50:03', '2022-04-14', 1),
(31, 3, '', 7, 7, 8000, 1, '2022-04-14 08:50:59', '2022-04-14', 1),
(32, 3, '', 7, 8, 8000, 1, '2022-04-14 08:50:59', '2022-04-14', 1),
(33, 3, '', 7, 9, 8000, 1, '2022-04-14 08:50:59', '2022-04-14', 1),
(34, 3, '', 5, 8, 8000, 1, '2022-04-14 08:55:43', '2022-04-14', 1),
(50, 3, '', 8, 9, 8000, 1, '2022-05-10 18:11:48', '2022-05-10', 1),
(49, 3, '', 8, 8, 8000, 1, '2022-05-10 18:11:48', '2022-05-10', 1),
(48, 3, '', 8, 7, 8000, 1, '2022-05-10 18:11:48', '2022-05-10', 1),
(47, 3, '', 4, 8, 8000, 1, '2022-05-10 18:11:48', '2022-05-10', 1),
(46, 3, '', 4, 7, 8000, 1, '2022-05-10 18:11:48', '2022-05-10', 1),
(40, 3, '', 4, 8, 8000, 1, '2022-04-14 09:10:54', '2022-04-14', 1),
(41, 3, '', 4, 9, 8000, 1, '2022-04-14 09:10:54', '2022-04-14', 1),
(45, 3, '', 4, 6, 8000, 1, '2022-05-10 18:11:48', '2022-05-10', 1),
(44, 3, '', 4, 5, 8000, 1, '2022-05-10 18:11:48', '2022-05-10', 1),
(51, 3, '', 8, 10, 8000, 1, '2022-05-10 18:11:48', '2022-05-10', 1),
(52, 3, '', 6, 6, 8000, 1, '2022-05-10 18:11:48', '2022-05-10', 1),
(53, 3, '', 6, 7, 8000, 1, '2022-05-10 18:11:48', '2022-05-10', 1),
(54, 3, '', 6, 8, 8000, 1, '2022-05-10 18:11:48', '2022-05-10', 1),
(55, 3, '', 6, 9, 8000, 1, '2022-05-10 18:11:48', '2022-05-10', 1),
(56, 3, '', 6, 12, 8000, 1, '2022-05-10 18:11:48', '2022-05-10', 1),
(57, 3, '', 6, 13, 8000, 1, '2022-05-10 18:11:48', '2022-05-10', 1),
(58, 3, '', 9, 11, 8000, 1, '2022-05-10 18:11:48', '2022-05-10', 1),
(59, 3, '', 10, 11, 8000, 1, '2022-05-10 18:11:48', '2022-05-10', 1),
(60, 3, '', 11, 1, 8000, 1, '2022-05-10 18:11:48', '2022-05-10', 1),
(61, 3, '', 11, 2, 8000, 1, '2022-05-10 18:11:48', '2022-05-10', 1),
(62, 3, '', 11, 3, 8000, 1, '2022-05-10 18:11:48', '2022-05-10', 1),
(63, 3, '', 11, 4, 8000, 1, '2022-05-10 18:11:48', '2022-05-10', 1),
(64, 3, '', 1, 12, 8000, 1, '2022-05-10 18:11:48', '2022-05-10', 1),
(65, 3, '', 1, 13, 8000, 1, '2022-05-10 18:11:48', '2022-05-10', 1),
(66, 3, '', 2, 3, 6000, 1, '2022-05-10 18:11:48', '2022-05-10', 0),
(67, 3, '', 2, 4, 6000, 1, '2022-05-10 18:11:48', '2022-05-10', 0),
(68, 3, '', 3, 11, 6000, 1, '2022-05-10 18:11:48', '2022-05-10', 0),
(69, 3, '', 3, 12, 6000, 1, '2022-05-10 18:11:48', '2022-05-10', 0),
(70, 3, '', 3, 13, 6000, 1, '2022-05-10 18:11:48', '2022-05-10', 0),
(71, 3, '', 3, 14, 6000, 1, '2022-05-10 18:11:48', '2022-05-10', 0),
(72, 3, '', 5, 14, 6000, 1, '2022-05-10 18:11:48', '2022-05-10', 0),
(73, 3, '', 5, 13, 6000, 1, '2022-05-10 18:11:48', '2022-05-10', 0),
(74, 3, '', 5, 12, 6000, 1, '2022-05-10 18:11:48', '2022-05-10', 0),
(75, 3, '', 5, 11, 6000, 1, '2022-05-10 18:11:48', '2022-05-10', 0),
(76, 3, '', 5, 10, 6000, 1, '2022-05-10 18:11:48', '2022-05-10', 0),
(77, 3, '', 4, 10, 6000, 1, '2022-05-10 18:11:48', '2022-05-10', 0),
(78, 3, '', 4, 9, 6000, 1, '2022-05-10 18:11:48', '2022-05-10', 0),
(79, 3, '', 5, 9, 6000, 1, '2022-05-10 18:11:48', '2022-05-10', 0),
(80, 1, '', 7, 5, 9000, 1, '2022-05-10 18:13:03', '2022-05-10', 1),
(81, 1, '', 7, 6, 9000, 1, '2022-05-10 18:13:03', '2022-05-10', 1),
(82, 1, '', 7, 7, 9000, 1, '2022-05-10 18:13:03', '2022-05-10', 1),
(83, 1, '', 7, 8, 9000, 1, '2022-05-10 18:13:03', '2022-05-10', 1),
(84, 1, '', 7, 9, 9000, 1, '2022-05-10 18:13:03', '2022-05-10', 1),
(85, 1, '', 6, 7, 9000, 1, '2022-05-10 18:13:03', '2022-05-10', 1),
(86, 1, '', 6, 8, 9000, 1, '2022-05-10 18:13:03', '2022-05-10', 1),
(87, 1, '', 6, 9, 9000, 1, '2022-05-10 18:13:03', '2022-05-10', 1),
(88, 1, '', 6, 10, 9000, 1, '2022-05-10 18:13:03', '2022-05-10', 1),
(89, 1, '', 4, 4, 9000, 1, '2022-05-10 18:13:03', '2022-05-10', 1),
(90, 1, '', 4, 5, 9000, 1, '2022-05-10 18:13:03', '2022-05-10', 1),
(91, 1, '', 4, 6, 9000, 1, '2022-05-10 18:13:03', '2022-05-10', 1),
(92, 1, '', 4, 7, 9000, 1, '2022-05-10 18:13:03', '2022-05-10', 1),
(93, 1, '', 4, 9, 9000, 1, '2022-05-10 18:13:03', '2022-05-10', 1),
(94, 1, '', 10, 10, 9000, 1, '2022-05-10 18:13:03', '2022-05-10', 1),
(95, 1, '', 10, 9, 9000, 1, '2022-05-10 18:13:03', '2022-05-10', 1),
(96, 1, '', 10, 7, 9000, 1, '2022-05-10 18:13:03', '2022-05-10', 1),
(97, 1, '', 10, 5, 9000, 1, '2022-05-10 18:13:03', '2022-05-10', 1),
(98, 1, '', 10, 4, 9000, 1, '2022-05-10 18:13:03', '2022-05-10', 1),
(99, 1, '', 10, 3, 9000, 1, '2022-05-10 18:13:03', '2022-05-10', 1),
(100, 1, '', 10, 2, 9000, 1, '2022-05-10 18:13:03', '2022-05-10', 1),
(101, 1, '', 10, 8, 9000, 1, '2022-05-10 18:13:03', '2022-05-10', 1),
(102, 1, '', 10, 6, 9000, 1, '2022-05-10 18:13:03', '2022-05-10', 1),
(103, 1, '', 5, 13, 9000, 1, '2022-05-10 18:13:03', '2022-05-10', 1),
(104, 1, '', 4, 13, 9000, 1, '2022-05-10 18:13:03', '2022-05-10', 1),
(105, 1, '', 4, 12, 9000, 1, '2022-05-10 18:13:03', '2022-05-10', 1),
(106, 1, '', 3, 11, 9000, 1, '2022-05-10 18:13:03', '2022-05-10', 1),
(107, 1, '', 3, 10, 9000, 1, '2022-05-10 18:13:03', '2022-05-10', 1),
(108, 1, '', 2, 10, 9000, 1, '2022-05-10 18:13:03', '2022-05-10', 1),
(109, 1, '', 2, 9, 9000, 1, '2022-05-10 18:13:03', '2022-05-10', 1),
(110, 1, '', 2, 8, 9000, 1, '2022-05-10 18:13:03', '2022-05-10', 1),
(111, 1, '', 2, 5, 9000, 1, '2022-05-10 18:13:03', '2022-05-10', 1),
(112, 1, '', 2, 4, 9000, 1, '2022-05-10 18:13:03', '2022-05-10', 1),
(113, 1, '', 3, 5, 9000, 1, '2022-05-10 18:13:03', '2022-05-10', 1),
(114, 1, '', 3, 6, 9000, 1, '2022-05-10 18:13:03', '2022-05-10', 1),
(115, 1, '', 3, 7, 9000, 1, '2022-05-10 18:13:03', '2022-05-10', 1),
(116, 1, '', 5, 8, 9000, 1, '2022-05-10 18:13:03', '2022-05-10', 1),
(117, 1, '', 5, 7, 9000, 1, '2022-05-10 18:13:03', '2022-05-10', 1),
(118, 1, '', 5, 6, 9000, 1, '2022-05-10 18:13:03', '2022-05-10', 1),
(119, 1, '', 5, 5, 9000, 1, '2022-05-10 18:13:03', '2022-05-10', 1),
(120, 1, '', 6, 6, 9000, 1, '2022-05-10 18:13:03', '2022-05-10', 1),
(121, 1, '', 6, 11, 9000, 1, '2022-05-10 18:13:03', '2022-05-10', 1),
(122, 1, '', 6, 12, 5000, 1, '2022-05-10 18:13:03', '2022-05-10', 0),
(123, 1, '', 5, 11, 5000, 1, '2022-05-10 18:13:03', '2022-05-10', 0),
(124, 1, '', 5, 10, 5000, 1, '2022-05-10 18:13:03', '2022-05-10', 0),
(125, 1, '', 5, 9, 5000, 1, '2022-05-10 18:13:03', '2022-05-10', 0),
(126, 1, '', 8, 13, 5000, 1, '2022-05-10 18:13:03', '2022-05-10', 0),
(127, 1, '', 8, 12, 5000, 1, '2022-05-10 18:13:03', '2022-05-10', 0),
(128, 1, '', 8, 11, 5000, 1, '2022-05-10 18:13:03', '2022-05-10', 0),
(129, 1, '', 8, 10, 5000, 1, '2022-05-10 18:13:03', '2022-05-10', 0),
(130, 1, '', 8, 9, 5000, 1, '2022-05-10 18:13:03', '2022-05-10', 0),
(131, 1, '', 8, 8, 5000, 1, '2022-05-10 18:13:03', '2022-05-10', 0),
(132, 1, '', 8, 4, 9000, 1, '2022-05-10 18:14:04', '2022-05-10', 1),
(133, 1, '', 8, 5, 9000, 1, '2022-05-10 18:14:04', '2022-05-10', 1),
(134, 1, '', 6, 4, 5000, 1, '2022-05-10 18:14:04', '2022-05-10', 0),
(135, 1, '', 6, 5, 5000, 1, '2022-05-10 18:14:04', '2022-05-10', 0),
(136, 1, '', 9, 3, 9000, 1, '2022-05-10 18:14:19', '2022-05-10', 1),
(137, 1, '', 9, 4, 9000, 1, '2022-05-10 18:14:19', '2022-05-10', 1),
(138, 1, '', 9, 5, 5000, 1, '2022-05-10 18:14:19', '2022-05-10', 0),
(139, 1, '', 9, 6, 5000, 1, '2022-05-10 18:14:19', '2022-05-10', 0),
(140, 3, '', 9, 4, 8000, 1, '2022-05-10 18:14:50', '2022-05-10', 1),
(141, 3, '', 9, 5, 8000, 1, '2022-05-10 18:14:50', '2022-05-10', 1),
(142, 3, '', 9, 6, 8000, 1, '2022-05-10 18:14:50', '2022-05-10', 1),
(143, 3, '', 9, 1, 8000, 1, '2022-05-10 18:14:50', '2022-05-10', 1),
(144, 3, '', 9, 2, 8000, 1, '2022-05-10 18:14:50', '2022-05-10', 1),
(145, 3, '', 9, 3, 8000, 1, '2022-05-10 18:14:50', '2022-05-10', 1),
(146, 3, '', 9, 7, 6000, 1, '2022-05-10 18:14:50', '2022-05-10', 0),
(147, 3, '', 9, 8, 6000, 1, '2022-05-10 18:14:50', '2022-05-10', 0),
(148, 3, '', 9, 10, 6000, 1, '2022-05-10 18:14:50', '2022-05-10', 0),
(149, 3, '', 9, 9, 6000, 1, '2022-05-10 18:14:50', '2022-05-10', 0),
(150, 3, '', 6, 6, 8000, 1, '2022-05-10 18:17:51', '2022-05-09', 1),
(151, 3, '', 6, 7, 8000, 1, '2022-05-10 18:17:51', '2022-05-09', 1),
(152, 3, '', 6, 8, 8000, 1, '2022-05-10 18:17:51', '2022-05-09', 1),
(153, 3, '', 6, 9, 8000, 1, '2022-05-10 18:17:51', '2022-05-09', 1),
(154, 3, '', 3, 4, 8000, 1, '2022-05-10 18:17:51', '2022-05-09', 1),
(155, 3, '', 3, 5, 8000, 1, '2022-05-10 18:17:51', '2022-05-09', 1),
(156, 3, '', 4, 5, 8000, 1, '2022-05-10 18:17:51', '2022-05-09', 1),
(157, 3, '', 4, 6, 8000, 1, '2022-05-10 18:17:51', '2022-05-09', 1),
(158, 3, '', 4, 7, 8000, 1, '2022-05-10 18:17:51', '2022-05-09', 1),
(159, 3, '', 4, 8, 8000, 1, '2022-05-10 18:17:51', '2022-05-09', 1),
(160, 3, '', 4, 9, 8000, 1, '2022-05-10 18:17:51', '2022-05-09', 1),
(161, 3, '', 4, 11, 8000, 1, '2022-05-10 18:17:51', '2022-05-09', 1),
(162, 3, '', 8, 11, 8000, 1, '2022-05-10 18:17:51', '2022-05-09', 1),
(163, 3, '', 8, 10, 8000, 1, '2022-05-10 18:17:51', '2022-05-09', 1),
(164, 3, '', 8, 9, 8000, 1, '2022-05-10 18:17:51', '2022-05-09', 1),
(165, 3, '', 8, 8, 8000, 1, '2022-05-10 18:17:51', '2022-05-09', 1),
(166, 3, '', 9, 6, 8000, 1, '2022-05-10 18:17:51', '2022-05-09', 1),
(167, 3, '', 9, 7, 6000, 1, '2022-05-10 18:17:51', '2022-05-09', 0),
(168, 3, '', 9, 8, 6000, 1, '2022-05-10 18:17:51', '2022-05-09', 0),
(169, 3, '', 9, 9, 6000, 1, '2022-05-10 18:17:51', '2022-05-09', 0),
(170, 3, '', 9, 10, 6000, 1, '2022-05-10 18:17:51', '2022-05-09', 0),
(171, 3, '', 6, 13, 6000, 1, '2022-05-10 18:17:51', '2022-05-09', 0),
(172, 3, '', 5, 13, 6000, 1, '2022-05-10 18:17:51', '2022-05-09', 0),
(173, 3, '', 4, 13, 6000, 1, '2022-05-10 18:17:51', '2022-05-09', 0),
(174, 3, '', 5, 12, 6000, 1, '2022-05-10 18:17:51', '2022-05-09', 0),
(175, 3, '', 6, 12, 6000, 1, '2022-05-10 18:17:51', '2022-05-09', 0),
(176, 3, '', 6, 11, 6000, 1, '2022-05-10 18:17:51', '2022-05-09', 0),
(177, 2, '', 5, 6, 8500, 1, '2022-05-10 18:18:27', '2022-05-09', 1),
(178, 2, '', 5, 7, 8500, 1, '2022-05-10 18:18:27', '2022-05-09', 1),
(179, 2, '', 5, 8, 8500, 1, '2022-05-10 18:18:27', '2022-05-09', 1),
(180, 2, '', 6, 8, 8500, 1, '2022-05-10 18:18:27', '2022-05-09', 1),
(181, 2, '', 6, 9, 8500, 1, '2022-05-10 18:18:27', '2022-05-09', 1),
(182, 2, '', 7, 9, 8500, 1, '2022-05-10 18:18:27', '2022-05-09', 1),
(183, 2, '', 7, 10, 8500, 1, '2022-05-10 18:18:27', '2022-05-09', 1),
(184, 2, '', 8, 10, 8500, 1, '2022-05-10 18:18:27', '2022-05-09', 1),
(185, 2, '', 10, 8, 8500, 1, '2022-05-10 18:18:27', '2022-05-09', 1),
(186, 2, '', 10, 6, 8500, 1, '2022-05-10 18:18:27', '2022-05-09', 1),
(187, 2, '', 9, 6, 8500, 1, '2022-05-10 18:18:27', '2022-05-09', 1),
(188, 2, '', 8, 5, 8500, 1, '2022-05-10 18:18:27', '2022-05-09', 1),
(189, 2, '', 8, 4, 8500, 1, '2022-05-10 18:18:27', '2022-05-09', 1),
(190, 2, '', 7, 4, 8500, 1, '2022-05-10 18:18:27', '2022-05-09', 1),
(191, 2, '', 7, 5, 8500, 1, '2022-05-10 18:18:27', '2022-05-09', 1),
(192, 2, '', 6, 5, 5000, 1, '2022-05-10 18:18:27', '2022-05-09', 0),
(193, 2, '', 6, 4, 5000, 1, '2022-05-10 18:18:27', '2022-05-09', 0),
(194, 2, '', 5, 4, 5000, 1, '2022-05-10 18:18:27', '2022-05-09', 0),
(195, 2, '', 5, 5, 5000, 1, '2022-05-10 18:18:27', '2022-05-09', 0),
(196, 2, '', 7, 6, 5000, 1, '2022-05-10 18:18:27', '2022-05-09', 0),
(197, 2, '', 7, 7, 5000, 1, '2022-05-10 18:18:27', '2022-05-09', 0),
(198, 2, '', 4, 13, 5000, 1, '2022-05-10 18:18:27', '2022-05-09', 0),
(199, 2, '', 4, 14, 5000, 1, '2022-05-10 18:18:27', '2022-05-09', 0),
(200, 2, '', 3, 14, 5000, 1, '2022-05-10 18:18:27', '2022-05-09', 0),
(201, 2, '', 3, 13, 5000, 1, '2022-05-10 18:18:27', '2022-05-09', 0),
(202, 2, '', 3, 12, 5000, 1, '2022-05-10 18:18:27', '2022-05-09', 0),
(203, 2, '', 3, 11, 5000, 1, '2022-05-10 18:18:27', '2022-05-09', 0),
(204, 2, '', 3, 10, 5000, 1, '2022-05-10 18:18:27', '2022-05-09', 0),
(205, 2, '', 3, 9, 5000, 1, '2022-05-10 18:18:27', '2022-05-09', 0),
(206, 2, '', 3, 7, 5000, 1, '2022-05-10 18:18:27', '2022-05-09', 0),
(207, 2, '', 3, 6, 5000, 1, '2022-05-10 18:18:27', '2022-05-09', 0),
(208, 2, '', 3, 5, 5000, 1, '2022-05-10 18:18:27', '2022-05-09', 0),
(209, 2, '', 3, 4, 5000, 1, '2022-05-10 18:18:27', '2022-05-09', 0),
(210, 1, '', 6, 7, 9000, 1, '2022-05-10 18:18:55', '2022-05-09', 1),
(211, 1, '', 6, 8, 9000, 1, '2022-05-10 18:18:55', '2022-05-09', 1),
(212, 1, '', 6, 9, 9000, 1, '2022-05-10 18:18:55', '2022-05-09', 1),
(213, 1, '', 6, 10, 9000, 1, '2022-05-10 18:18:55', '2022-05-09', 1),
(214, 1, '', 7, 10, 9000, 1, '2022-05-10 18:18:55', '2022-05-09', 1),
(215, 1, '', 7, 9, 9000, 1, '2022-05-10 18:18:55', '2022-05-09', 1),
(216, 1, '', 7, 8, 9000, 1, '2022-05-10 18:18:55', '2022-05-09', 1),
(217, 1, '', 7, 7, 9000, 1, '2022-05-10 18:18:55', '2022-05-09', 1),
(218, 1, '', 5, 4, 9000, 1, '2022-05-10 18:18:55', '2022-05-09', 1),
(219, 1, '', 5, 5, 9000, 1, '2022-05-10 18:18:55', '2022-05-09', 1),
(220, 1, '', 5, 6, 9000, 1, '2022-05-10 18:18:55', '2022-05-09', 1),
(221, 1, '', 5, 7, 9000, 1, '2022-05-10 18:18:55', '2022-05-09', 1),
(222, 1, '', 5, 8, 9000, 1, '2022-05-10 18:18:55', '2022-05-09', 1),
(223, 1, '', 5, 9, 9000, 1, '2022-05-10 18:18:55', '2022-05-09', 1),
(224, 1, '', 5, 10, 9000, 1, '2022-05-10 18:18:55', '2022-05-09', 1),
(225, 1, '', 5, 11, 9000, 1, '2022-05-10 18:18:55', '2022-05-09', 1),
(226, 1, '', 5, 12, 9000, 1, '2022-05-10 18:18:55', '2022-05-09', 1),
(227, 1, '', 4, 12, 9000, 1, '2022-05-10 18:18:55', '2022-05-09', 1),
(228, 1, '', 4, 11, 9000, 1, '2022-05-10 18:18:55', '2022-05-09', 1),
(229, 1, '', 4, 10, 9000, 1, '2022-05-10 18:18:55', '2022-05-09', 1),
(230, 1, '', 4, 8, 5000, 1, '2022-05-10 18:18:55', '2022-05-09', 0),
(231, 1, '', 4, 7, 5000, 1, '2022-05-10 18:18:55', '2022-05-09', 0),
(232, 1, '', 4, 6, 5000, 1, '2022-05-10 18:18:55', '2022-05-09', 0),
(233, 1, '', 4, 5, 5000, 1, '2022-05-10 18:18:55', '2022-05-09', 0),
(234, 1, '', 4, 4, 5000, 1, '2022-05-10 18:18:55', '2022-05-09', 0),
(235, 1, '', 3, 7, 5000, 1, '2022-05-10 18:18:55', '2022-05-09', 0),
(236, 1, '', 3, 8, 5000, 1, '2022-05-10 18:18:55', '2022-05-09', 0),
(237, 1, '', 3, 9, 5000, 1, '2022-05-10 18:18:55', '2022-05-09', 0),
(238, 1, '', 5, 7, 9000, 1, '2022-05-12 19:16:25', '2022-05-12', 1),
(239, 1, '', 5, 8, 9000, 1, '2022-05-12 19:16:25', '2022-05-12', 1),
(240, 1, '', 5, 9, 5000, 1, '2022-05-12 19:16:25', '2022-05-12', 0),
(241, 1, '', 5, 10, 5000, 1, '2022-05-12 19:16:25', '2022-05-12', 0),
(242, 3, '', 7, 7, 8000, 1, '2022-11-03 17:16:12', '2022-11-03', 1),
(243, 3, '', 7, 8, 8000, 1, '2022-11-03 17:16:12', '2022-11-03', 1),
(244, 3, '', 7, 9, 6000, 1, '2022-11-03 17:16:12', '2022-11-03', 0),
(245, 3, '', 6, 8, 8000, 1, '2022-11-03 17:16:14', '2022-11-03', 1),
(246, 3, '', 6, 7, 6000, 1, '2022-11-17 15:46:30', '2022-11-17', 0),
(247, 3, '', 6, 8, 8000, 1, '2022-11-17 15:48:21', '2022-11-17', 1);

-- --------------------------------------------------------

--
-- Table structure for table `userdata`
--

DROP TABLE IF EXISTS `userdata`;
CREATE TABLE IF NOT EXISTS `userdata` (
  `id` int(11) NOT NULL AUTO_INCREMENT,
  `username` varchar(100) COLLATE utf8_unicode_ci NOT NULL,
  `password` varchar(100) COLLATE utf8_unicode_ci NOT NULL,
  PRIMARY KEY (`id`)
) ENGINE=MyISAM AUTO_INCREMENT=3 DEFAULT CHARSET=utf8 COLLATE=utf8_unicode_ci;

--
-- Dumping data for table `userdata`
--

INSERT INTO `userdata` (`id`, `username`, `password`) VALUES
(1, 'admin', 'admin123');

-- --------------------------------------------------------

--
-- Table structure for table `userlogin`
--

DROP TABLE IF EXISTS `userlogin`;
CREATE TABLE IF NOT EXISTS `userlogin` (
  `id` int(11) NOT NULL AUTO_INCREMENT,
  `username` varchar(100) COLLATE utf8_unicode_ci NOT NULL,
  `password` varchar(100) COLLATE utf8_unicode_ci NOT NULL,
  `loginname` varchar(100) COLLATE utf8_unicode_ci NOT NULL,
  PRIMARY KEY (`id`)
) ENGINE=MyISAM AUTO_INCREMENT=2 DEFAULT CHARSET=utf8 COLLATE=utf8_unicode_ci;

--
-- Dumping data for table `userlogin`
--

INSERT INTO `userlogin` (`id`, `username`, `password`, `loginname`) VALUES
(1, 'pos1', 'user123', 'user');
COMMIT;

/*!40101 SET CHARACTER_SET_CLIENT=@OLD_CHARACTER_SET_CLIENT */;
/*!40101 SET CHARACTER_SET_RESULTS=@OLD_CHARACTER_SET_RESULTS */;
/*!40101 SET COLLATION_CONNECTION=@OLD_COLLATION_CONNECTION */;
